question,input,reference_answer,initial_answer,final_answer,hallucination,human,gpt_final,deepseek,qwen_max,deepseeknew
"Given a sentence in Chinese, provide an equivalent paraphrased version from the original that retains the same meaning.
1815年，来自加利西亚的Amish Mennonites瑞士血统在Dubno附近定居。",1815年，来自加利西亚的Amish Mennonites瑞士血统在Dubno附近定居,来自加利西亚的具有瑞士血统的Amish Mennonites于1815年在Dubno附近定居。,1815年，具有瑞士血统的加利西亚Amish门诺派信徒在Dubno附近定居。,1815年，具有瑞士血统的加利西亚Amish门诺派信徒在Dubno附近定居。,no,no,No,No,No,No
"In this task, you must modify the text given in the input to generate a paraphrased sentence. Your output sentence must retain the same meaning, but does not necessarily have to include all the details as the input text.
sentence_B_original: a dog chases a nerf ball in the grass",a dog chases a nerf ball in the grass,A dog is chasing a ball on the grass,A dog runs after a Nerf ball on the lawn.,A dog runs after a Nerf ball on the lawn.,no,no,No,No,No,No
"In this task, you must modify the text given in the input to generate a paraphrased sentence. Your output sentence must retain the same meaning, but does not necessarily have to include all the details as the input text.
sentence_B_original: a man at the top of rocks, clouds behind","a man at the top of rocks, clouds behind",One man is standing on the top of the rocks with clouds behind them,A man stands atop a rocky outcrop with clouds in the background.,A man stands atop a rocky outcrop with clouds in the background.,no,no,No,No,No,No
"In this task, you must modify the text given in the input to generate a paraphrased sentence. Your output sentence must retain the same meaning, but does not necessarily have to include all the details as the input text.
sentence_B_original: A man is chopping butter into a container.", A man is chopping butter into a container.,A man is chopping butter into a container,A person is cutting butter and placing it into a container.,A person is cutting butter and placing it into a container.,no,no,No,No,No,No
"In this task, you must modify the text given in the input to generate a paraphrased sentence. Your output sentence must retain the same meaning, but does not necessarily have to include all the details as the input text.
sentence_B_original: the panda bear lay on the logs",the panda bear lay on the logs,The panda bear is lying on the logs,The panda rested on the logs.,The panda rested on the logs.,no,no,No,No,No,No
"In this task, you must modify the text given in the input to generate a paraphrased sentence. Your output sentence must retain the same meaning, but does not necessarily have to include all the details as the input text.
sentence_B_original: Two children hanging on a large branch.",Two children hanging on a large branch.,Two children are hanging on a large branch,Two kids holding onto a big branch.,Two kids holding onto a big branch.,no,no,No,No,No,No
"Languages typically provide more than one grammatical construction to express certain types of messages. Your task is to generate a senetence with the same meaning as given sentence, but with different grammatical construction.
Alice announced him something",Alice announced him something,Alice announced something to him,Alice announced something to him.,Alice announced something to him.,no,no,No,No,No,No
"Languages typically provide more than one grammatical construction to express certain types of messages. Your task is to generate a senetence with the same meaning as given sentence, but with different grammatical construction.
Alice described the woman an idea",Alice described the woman an idea,Alice described an idea to the woman,Alice explained the idea to the woman.,Alice explained the idea to the woman.,no,no,No,No,No,No
"Languages typically provide more than one grammatical construction to express certain types of messages. Your task is to generate a senetence with the same meaning as given sentence, but with different grammatical construction.
Alice fed him some cookies",Alice fed him some cookies,Alice fed some cookies to him,Alice gave him some cookies to eat.,Alice gave him some cookies to eat.,no,no,No,No,No,No
"Languages typically provide more than one grammatical construction to express certain types of messages. Your task is to generate a senetence with the same meaning as given sentence, but with different grammatical construction.
Alice refunded the woman from work a sum",Alice refunded the woman from work a sum,Alice refunded a sum to the woman from work,A sum was refunded by Alice to the woman from work.,A sum was refunded by Alice to the woman from work.,no,no,No,No,No,No
"Languages typically provide more than one grammatical construction to express certain types of messages. Your task is to generate a senetence with the same meaning as given sentence, but with different grammatical construction.
Bob babbled a man something",Bob babbled a man something,Bob babbled something to a man,Bob babbled something to a man.,Bob babbled something to a man.,no,no,No,No,No,No
"Languages typically provide more than one grammatical construction to express certain types of messages. Your task is to generate a senetence with the same meaning as given sentence, but with different grammatical construction.
Bob shot the woman a glance",Bob shot the woman a glance,Bob shot a glance to the woman,Bob gave the woman a quick look.,Bob gave the woman a quick look.,no,no,No,No,No,No
"Languages typically provide more than one grammatical construction to express certain types of messages. Your task is to generate a senetence with the same meaning as given sentence, but with different grammatical construction.
Juan barked the man something",Juan barked the man something,Juan barked something to the man,Juan said something to the man in a barking manner.,Juan said something to the man in a barking manner.,no,yes,No,Yes,No,Yes
"Languages typically provide more than one grammatical construction to express certain types of messages. Your task is to generate a senetence with the same meaning as given sentence, but with different grammatical construction.
Juan introduced her the proposal",Juan introduced her the proposal,Juan introduced the proposal to her,Juan presented the proposal to her.,Juan presented the proposal to her.,no,no,No,No,No,No
"Languages typically provide more than one grammatical construction to express certain types of messages. Your task is to generate a senetence with the same meaning as given sentence, but with different grammatical construction.
Juan kicked the man the ball",Juan kicked the man the ball,Juan kicked the ball to the man,Juan kicked the ball to the man.,Juan kicked the ball to the man.,no,no,No,No,No,No
"Languages typically provide more than one grammatical construction to express certain types of messages. Your task is to generate a senetence with the same meaning as given sentence, but with different grammatical construction.
Juan stuttered the woman the request",Juan stuttered the woman the request,Juan stuttered the request to the woman,Juan made the request to the woman with a stutter.,Juan made the request to the woman with a stutter.,no,no,No,No,No,No
"Languages typically provide more than one grammatical construction to express certain types of messages. Your task is to generate a senetence with the same meaning as given sentence, but with different grammatical construction.
Linda dictated him the letter",Linda dictated him the letter,Linda dictated the letter to him,Linda had him write down the letter.,Linda had him write down the letter.,no,yes,Yes,Yes,Yes,Yes
"Languages typically provide more than one grammatical construction to express certain types of messages. Your task is to generate a senetence with the same meaning as given sentence, but with different grammatical construction.
Linda stammered a man from work the request",Linda stammered a man from work the request,Linda stammered the request to a man from work,Linda hesitantly asked a coworker for the request.,Linda hesitantly asked a coworker for the request.,no,yes,Yes,No,No,No
"Languages typically provide more than one grammatical construction to express certain types of messages. Your task is to generate a senetence with the same meaning as given sentence, but with different grammatical construction.
Maria fed the man who was wearing the hat something",Maria fed the man who was wearing the hat something,Maria fed something to the man who was wearing the hat,Maria gave something to the man wearing the hat to eat.,Maria gave something to the man wearing the hat to eat.,no,no,No,No,No,No
"Languages typically provide more than one grammatical construction to express certain types of messages. Your task is to generate a senetence with the same meaning as given sentence, but with different grammatical construction.
Maria grunted the man a name",Maria grunted the man a name,Maria grunted a name to the man,Maria gave the man a name with a grunt.,Maria gave the man a name with a grunt.,no,no,No,No,No,No
"Languages typically provide more than one grammatical construction to express certain types of messages. Your task is to generate a senetence with the same meaning as given sentence, but with different grammatical construction.
Maria grunted the man who was from work an order",Maria grunted the man who was from work an order,Maria grunted an order to the man who was from work,Maria issued an order to the man from work with a grunt.,Maria issued an order to the man from work with a grunt.,no,no,No,No,No,No
"Languages typically provide more than one grammatical construction to express certain types of messages. Your task is to generate a senetence with the same meaning as given sentence, but with different grammatical construction.
Maria transferred him the ownership",Maria transferred him the ownership,Maria transferred the ownership to him,Maria transferred the ownership to him.,Maria transferred the ownership to him.,no,no,No,No,No,No
"Languages typically provide more than one grammatical construction to express certain types of messages. Your task is to generate a senetence with the same meaning as given sentence, but with different grammatical construction.
Mary lifted him the rope",Mary lifted him the rope,Mary lifted the rope to him,Mary raised the rope to him.,Mary raised the rope to him.,no,no,No,No,No,No
"Languages typically provide more than one grammatical construction to express certain types of messages. Your task is to generate a senetence with the same meaning as given sentence, but with different grammatical construction.
Michael crooned the woman from work the song",Michael crooned the woman from work the song,Michael crooned the song to the woman from work,"Michael sang a song to the woman from work in a soft, tender voice.","Michael sang a song to the woman from work in a soft, tender voice.",no,yes,No,Yes,No,Yes
"Languages typically provide more than one grammatical construction to express certain types of messages. Your task is to generate a senetence with the same meaning as given sentence, but with different grammatical construction.
Michael dispatched a team some food",Michael dispatched a team some food,Michael dispatched some food to a team,Michael sent a team with some food.,Michael sent a team with some food.,no,yes,Yes,Yes,Yes,Yes
"Languages typically provide more than one grammatical construction to express certain types of messages. Your task is to generate a senetence with the same meaning as given sentence, but with different grammatical construction.
Michael explicated a man who was from work a rule",Michael explicated a man who was from work a rule,Michael explicated a rule to a man who was from work,Michael explained a work-related rule to a man.,Michael explained a work-related rule to a man.,no,yes,No,No,No,Yes
"Languages typically provide more than one grammatical construction to express certain types of messages. Your task is to generate a senetence with the same meaning as given sentence, but with different grammatical construction.
Michael faxed a woman a letter",Michael faxed a woman a letter,Michael faxed a letter to a woman,Michael sent a letter to a woman via fax.,Michael sent a letter to a woman via fax.,no,no,No,No,No,No
"Languages typically provide more than one grammatical construction to express certain types of messages. Your task is to generate a senetence with the same meaning as given sentence, but with different grammatical construction.
Michael squeaked a woman wearing a hat the words",Michael squeaked a woman wearing a hat the words,Michael squeaked the words to a woman wearing a hat,Michael said the words to a woman wearing a hat in a squeaky voice.,Michael said the words to a woman wearing a hat in a squeaky voice.,no,yes,No,No,No,Yes
"This is a paraphrasing task. In this task, you're given a sentence and your task is to generate another sentence which express same meaning as the input using different words.
`` then jonathan and david made a covenant , because he loved him as his own soul .","then jonathan and david made a covenant , because he loved him as his own soul .",`` and the jonathon made a contract with david because he loved him as much as himself .,"""Then Jonathan and David established a pact, as he cherished him like his own life.""","""Then Jonathan and David established a pact, as he cherished him like his own life.""",no,no,No,No,No,No
"This is a paraphrasing task. In this task, you're given a sentence and your task is to generate another sentence which express same meaning as the input using different words.
`` this is what they 'll remember when they look back . ''",this is what they 'll remember when they look back . ,and then i think this is what they 'll remember when they 're remembered .,"""This is what they'll recall when they reflect on the past.""","""This is what they'll recall when they reflect on the past.""",no,no,No,No,No,No
"This is a paraphrasing task. In this task, you're given a sentence and your task is to generate another sentence which express same meaning as the input using different words.
a spell of concealment lies upon this place . which means our enemy is not yet ready to reveal himself .",a spell of concealment lies upon this place . which means our enemy is not yet ready to reveal himself .,"there lies a secret of secrecy over this place , which means our enemy is not yet ready to show his face .","A veil of secrecy covers this location, indicating that our adversary is not yet prepared to show themselves.","A veil of secrecy covers this location, indicating that our adversary is not yet prepared to show themselves.",no,no,No,No,No,No
"This is a paraphrasing task. In this task, you're given a sentence and your task is to generate another sentence which express same meaning as the input using different words.
and we can view that as our narrowest definition of the money supply .",and we can view that as our narrowest definition of the money supply .,"and as we can see , it 's the closest definition of money supply .",And we can consider that as the most restricted definition of the money supply.,And we can consider that as the most restricted definition of the money supply.,no,no,No,No,No,No
"This is a paraphrasing task. In this task, you're given a sentence and your task is to generate another sentence which express same meaning as the input using different words.
and when you do , you 'll be glad you have the room .","and when you do , you 'll be glad you have the room .","and when you find it , you 'll be happy to have space .","And when you do, you'll be happy you have the space.","And when you do, you'll be happy you have the space.",no,no,No,No,No,No
"This is a paraphrasing task. In this task, you're given a sentence and your task is to generate another sentence which express same meaning as the input using different words.
do not remove cartridge between injections .",do not remove cartridge between injections .,do not remove the stock from the pen between injections .,Avoid taking out the cartridge while administering injections.,Avoid taking out the cartridge while administering injections.,no,no,No,No,No,No
"This is a paraphrasing task. In this task, you're given a sentence and your task is to generate another sentence which express same meaning as the input using different words.
eumm georgia shall consist primarily of staff seconded by member states or union institutions .",eumm georgia shall consist primarily of staff seconded by member states or union institutions .,"eumm georgia shall comprise , in particular , the personnel seconded by the member states or the institutions of the union .",Georgia will mainly comprise of staff delegated by member states or union bodies.,Georgia will mainly comprise of staff delegated by member states or union bodies.,no,yes,No,No,No,No
"This is a paraphrasing task. In this task, you're given a sentence and your task is to generate another sentence which express same meaning as the input using different words.
even from here he could see they were twins .",even from here he could see they were twins .,even from there he recognized that they were twins .,"Even from this distance, he could tell they were identical siblings.","Even from this distance, he could tell they were identical siblings.",no,Yes,No,Yes,No,Yes
"This is a paraphrasing task. In this task, you're given a sentence and your task is to generate another sentence which express same meaning as the input using different words.
fine , go ahead , talk , we ’ re listening .","fine , go ahead , talk , we ’ re listening .","all right , keep talking , let 's hear it .","Alright, proceed, speak your mind, we're paying attention.","Alright, proceed, speak your mind, we're paying attention.",no,no,No,No,No,No
"This is a paraphrasing task. In this task, you're given a sentence and your task is to generate another sentence which express same meaning as the input using different words.
he said to meet him outside in ten minutes time .",he said to meet him outside in ten minutes time,i 'll meet him in ten minutes .,He instructed me to meet him outdoors in ten minutes.,He instructed me to meet him outdoors in ten minutes.,no,no,No,No,No,No
"This is a paraphrasing task. In this task, you're given a sentence and your task is to generate another sentence which express same meaning as the input using different words.
however , only the top three can go on to the state finals .","however , only the top three can go on to the state finals .","however , only three of the best teams can advance to the state finals .","Nevertheless, only the top three participants are eligible to advance to the state finals.","Nevertheless, only the top three participants are eligible to advance to the state finals.",no,no,Yes,No,No,No
"This is a paraphrasing task. In this task, you're given a sentence and your task is to generate another sentence which express same meaning as the input using different words.
i tried to split them up , and suddenly i 'm attacked .","i tried to split them up , and suddenly i 'm attacked .","i tried to tear them apart , but i was attacked .","I attempted to separate them, and suddenly, I was assaulted.","I attempted to separate them, and suddenly, I was assaulted.",no,no,No,No,No,No
"This is a paraphrasing task. In this task, you're given a sentence and your task is to generate another sentence which express same meaning as the input using different words.
it 's nothing . it 's a silly apparatus that takes the bones out of fish .",it 's nothing . it 's a silly apparatus that takes the bones out of fish .,it 's just a stupid apparatus ... which is cutting fish .,It's insignificant. It's a ridiculous device used for removing bones from fish.,It's insignificant. It's a ridiculous device used for removing bones from fish.,no,no,No,No,No,No
"This is a paraphrasing task. In this task, you're given a sentence and your task is to generate another sentence which express same meaning as the input using different words.
it sounds like no one 's ever found the fifth cache .",it sounds like no one 's ever found the fifth cache .,it seems like no one has ever found a fifth .,It seems that nobody has ever discovered the fifth hiding place.,It seems that nobody has ever discovered the fifth hiding place.,no,no,No,No,No,No
"This is a paraphrasing task. In this task, you're given a sentence and your task is to generate another sentence which express same meaning as the input using different words.
josé maría , alejandro , salid en su ayuda .","josé maría , alejandro , salid en su ayuda .","jose maría , alejandro , come to her help .","José María, Alejandro, salgan a auxiliarlos.","José María, Alejandro, salgan a auxiliarlos.",no,yes,Yes,No,No,Yes
"This is a paraphrasing task. In this task, you're given a sentence and your task is to generate another sentence which express same meaning as the input using different words.
so , let 's start the bidding at 50 denarii .","so , let 's start the bidding at 50 denarii .",so let 's start at 50 densities .,"Alright, let's begin the bidding at 50 denarii.","Alright, let's begin the bidding at 50 denarii.",no,no,No,No,No,No
"This is a paraphrasing task. In this task, you're given a sentence and your task is to generate another sentence which express same meaning as the input using different words.
the little scraps of white fur are seven months old . and now there is plenty to eat .",the little scraps of white fur are seven months old . and now there is plenty to eat .,"these little cheeks of white fur are seven months old , and now they finally have enough food .",The tiny pieces of white fur are seven months old. There is now an abundance of food available.,The tiny pieces of white fur are seven months old. There is now an abundance of food available.,no,no,No,No,No,No
"This is a paraphrasing task. In this task, you're given a sentence and your task is to generate another sentence which express same meaning as the input using different words.
they were jumping on the car , making these weird sounds .","they were jumping on the car , making these weird sounds .",they jumped on the car and made strange noises .,"They were hopping on the vehicle, producing strange noises.","They were hopping on the vehicle, producing strange noises.",no,no,No,No,No,No
"This is a paraphrasing task. In this task, you're given a sentence and your task is to generate another sentence which express same meaning as the input using different words.
this quest of yours - have you told me the whole truth ?",this quest of yours - have you told me the whole truth ?,"this is your quest , did you tell me everything ?",Have you disclosed the entire truth about this endeavor of yours?,Have you disclosed the entire truth about this endeavor of yours?,no,no,No,No,No,No
"This is a paraphrasing task. In this task, you're given a sentence and your task is to generate another sentence which express same meaning as the input using different words.
um ... not to brag , but scully and i have a combined total of 14 arrests .","um ... not to brag , but scully and i have a combined total of 14 arrests .","i do n't want to brag , but together we have 14 arrests .","Well, not to sound conceited, but Scully and I have been arrested a total of 14 times together.","Well, not to sound conceited, but Scully and I have been arrested a total of 14 times together.",no,no,Yes,No,No,No
"This is a paraphrasing task. In this task, you're given a sentence and your task is to generate another sentence which express same meaning as the input using different words.
watching you , tonight ... was like watching a group of birds , in v-formation flying .","watching you , tonight ... was like watching a group of birds , in v-formation flying .",when i watched you today ... it was like watching a flock of birds in the sky .,Observing you tonight was akin to witnessing a flock of birds soaring in a V-formation.,Observing you tonight was akin to witnessing a flock of birds soaring in a V-formation.,no,no,No,No,No,No
