question,input,reference_answer,initial_answer,final_answer,hallucination,human,deepseek,gpt,qwenmax,
"Given an entity, a before event, an after event, and an attribute related to the entity, generate a sentence as output. Your sentence should show the changes in the attribute of the entity.
entity: camera 
before: unattached from tripod 
after: attached to tripod 
attr: state","entity: camera 
before: unattached from tripod 
after: attached to tripod 
attr: state",state of camera was unattached from tripod before and attached to tripod afterwards,The state of the camera changed from being unattached from the tripod to being securely attached to it.,The state of the camera changed from being unattached from the tripod to being securely attached to it.,no,no,No,No,No,
"Given an entity, a before event, an after event, and an attribute related to the entity, generate a sentence as output. Your sentence should show the changes in the attribute of the entity.
entity: tub 
before: empty 
after: full 
attr: state","entity: tub 
before: empty 
after: full 
attr: state",state of tub was empty before and full afterwards,The state of the tub changed from empty to full.,The state of the tub changed from empty to full.,no,no,No,No,No,
"Given two noun phrases (arguments) and relationship between them, form a sentence that expresses theses arguments with the given relationship.
Relationship: 'be city of', Argument/Subject 1: 'mombasa', Argument/Subject 2: 'kenya'","Relationship: 'be city of', Argument/Subject 1: 'mombasa', Argument/Subject 2: 'kenya'",Mombasa is one of the largest cities in Kenya .,Mombasa is a city of Kenya.,Mombasa is a city of Kenya.,no,no,No,No,No,
"Given two noun phrases (arguments) and relationship between them, form a sentence that expresses theses arguments with the given relationship.
Relationship: 'be cover by', Argument/Subject 1: 'hospice', Argument/Subject 2: 'medicare'","Relationship: 'be cover by', Argument/Subject 1: 'hospice', Argument/Subject 2: 'medicare'",Hospice is covered under Medicare Part A .,The hospice is covered by Medicare.,The hospice is covered by Medicare.,no,no,No,No,No,
"Given two noun phrases (arguments) and relationship between them, form a sentence that expresses theses arguments with the given relationship.
Relationship: 'be play by', Argument/Subject 1: 'borat', Argument/Subject 2: 'sacha baron cohen'","Relationship: 'be play by', Argument/Subject 1: 'borat', Argument/Subject 2: 'sacha baron cohen'","An article in Wired points out how the popular new Borat character played by Sacha Baron Cohen are similar to Turkey native Mahir Cagri , whose silly "" I Kiss You "" website briefly made him an Internet celebrity .",Borat is played by Sacha Baron Cohen.,Borat is played by Sacha Baron Cohen.,no,no,No,No,No,
"Given two noun phrases (arguments) and relationship between them, form a sentence that expresses theses arguments with the given relationship.
Relationship: 'look at', Argument/Subject 1: 'ron', Argument/Subject 2: 'harry'","Relationship: 'look at', Argument/Subject 1: 'ron', Argument/Subject 2: 'harry'","Ron looked nervously at Harry , then snatched up a book at random and hid behind it .",Ron looked at Harry.,Ron looked at Harry.,no,no,No,No,No,
"Given two noun phrases (arguments) and relationship between them, form a sentence that expresses theses arguments with the given relationship.
Relationship: 'stare at', Argument/Subject 1: 'tenchus', Argument/Subject 2: 'ryoko'","Relationship: 'stare at', Argument/Subject 1: 'tenchus', Argument/Subject 2: 'ryoko'",Ryoko and Ayeka are left staring as Tenchi runs out of the house .,The tenchus stare at Ryoko.,The tenchus stare at Ryoko.,no,no,No,Yes,Yes,
"Given two noun phrases (arguments) and relationship between them, form a sentence that expresses theses arguments with the given relationship.
Relationship: 'win', Argument/Subject 1: 'giant', Argument/Subject 2: 'super bowl'","Relationship: 'win', Argument/Subject 1: 'giant', Argument/Subject 2: 'super bowl'","60 - It 's pretty obvious the New York Giants are one of the dominant teams in Tecmo Super Bowl , as the teams ' stats are based off their 1990 season ... the year the Giants last won the Super Bowl .",The giant won the Super Bowl.,The giant won the Super Bowl.,no,no,No,No,No,
"In this task, we ask you convert a data table of restaurant descriptions into fluent natural-sounding English sentences. The input is a string of key-value pairs; the output should be a natural and grammatical English sentence containing all the information from the input.
name[Blue Spice], priceRange[£20-25], customer rating[high], area[riverside], familyFriendly[yes]","name[Blue Spice], priceRange[£20-25], customer rating[high], area[riverside], familyFriendly[yes]",Blue Spice has a high customer rating and is kids friendly. It is in the riverside area and had a price range of £20-£25.,"Blue Spice is a highly-rated, family-friendly restaurant located in the riverside area, with a price range of £20-25 per person.","Blue Spice is a highly-rated, family-friendly restaurant located in the riverside area, with a price range of £20-25 per person.",no,no,No,No,No,
"In this task, we ask you convert a data table of restaurant descriptions into fluent natural-sounding English sentences. The input is a string of key-value pairs; the output should be a natural and grammatical English sentence containing all the information from the input.
name[Taste of Cambridge], eatType[coffee shop], food[French], area[riverside], familyFriendly[yes], near[Crowne Plaza Hotel]","name[Taste of Cambridge], eatType[coffee shop], food[French], area[riverside], familyFriendly[yes], near[Crowne Plaza Hotel]",Children friendly coffee shop Taste of Cambridge that serves French food can be found at riverside near Crown Plaza Hotel.,"Taste of Cambridge is a family-friendly coffee shop located in the riverside area, offering French cuisine and situated near the Crowne Plaza Hotel.","Taste of Cambridge is a family-friendly coffee shop located in the riverside area, offering French cuisine and situated near the Crowne Plaza Hotel.",no,no,No,No,No,
"In this task, we ask you convert a data table of restaurant descriptions into fluent natural-sounding English sentences. The input is a string of key-value pairs; the output should be a natural and grammatical English sentence containing all the information from the input.
name[Zizzi], eatType[pub], food[English], customer rating[low], familyFriendly[no]","name[Zizzi], eatType[pub], food[English], customer rating[low], familyFriendly[no]",Zizzi is an adult-only 1 starred pub serving traditional British food,Zizzi is a pub that serves English food. It has a low customer rating and is not family-friendly.,Zizzi is a pub that serves English food. It has a low customer rating and is not family-friendly.,no,no,No,Yes,No,
"In this task, you are given concept set (with 3 to 5 concepts) that contain mentions of names of people, places, activities, or things. These concept sets reflect reasonable concept co-occurrences in everyday situations. All concepts given as input are separated by ""#"". Your job is to generate a sentence describing a day-to-day scene using all concepts from a given concept set.
board#plane#prepare",board#plane#prepare,a white plane is preparing to board its passengers,"At the airport, passengers board the plane after the crew prepares the cabin for the flight.","At the airport, passengers board the plane after the crew prepares the cabin for the flight.",no,no,No,No,No,
"In this task, you are given concept set (with 3 to 5 concepts) that contain mentions of names of people, places, activities, or things. These concept sets reflect reasonable concept co-occurrences in everyday situations. All concepts given as input are separated by ""#"". Your job is to generate a sentence describing a day-to-day scene using all concepts from a given concept set.
castle#tower#wall",castle#tower#wall,the clock tower and outer wall of the historic castle,"As the sun set behind the ancient castle, the tall tower cast a long shadow over the sturdy wall, creating a picturesque scene that seemed straight out of a medieval tale.","As the sun set behind the ancient castle, the tall tower cast a long shadow over the sturdy wall, creating a picturesque scene that seemed straight out of a medieval tale.",no,no,No,Yes,No,
"In this task, you are given concept set (with 3 to 5 concepts) that contain mentions of names of people, places, activities, or things. These concept sets reflect reasonable concept co-occurrences in everyday situations. All concepts given as input are separated by ""#"". Your job is to generate a sentence describing a day-to-day scene using all concepts from a given concept set.
ceremony#hold#temple",ceremony#hold#temple,military commander holds a ceremony at the temple .,"The small village held a traditional ceremony at the ancient temple to celebrate the harvest season, where locals gathered to honor their ancestors and seek blessings for the coming year.","The small village held a traditional ceremony at the ancient temple to celebrate the harvest season, where locals gathered to honor their ancestors and seek blessings for the coming year.",no,yes,Yes,Yes,Yes,1
"In this task, you are given concept set (with 3 to 5 concepts) that contain mentions of names of people, places, activities, or things. These concept sets reflect reasonable concept co-occurrences in everyday situations. All concepts given as input are separated by ""#"". Your job is to generate a sentence describing a day-to-day scene using all concepts from a given concept set.
fly#island#lake",fly#island#lake,flying over beautiful islands and a famous lake,"On a serene morning, a flock of birds took to the sky, flying gracefully over the tranquil lake that mirrored the lush island in the distance.","On a serene morning, a flock of birds took to the sky, flying gracefully over the tranquil lake that mirrored the lush island in the distance.",no,no,No,No,No,
"In this task, you are given concept set (with 3 to 5 concepts) that contain mentions of names of people, places, activities, or things. These concept sets reflect reasonable concept co-occurrences in everyday situations. All concepts given as input are separated by ""#"". Your job is to generate a sentence describing a day-to-day scene using all concepts from a given concept set.
idea#love#wall",idea#love#wall,love the idea of mixing shelves on a wall,"In the quiet corner of the room, she sketched her idea on the wall, each stroke fueled by a deep love for art and the space around her.","In the quiet corner of the room, she sketched her idea on the wall, each stroke fueled by a deep love for art and the space around her.",no,no,No,Yes,No,1
"In this task, you are given concept set (with 3 to 5 concepts) that contain mentions of names of people, places, activities, or things. These concept sets reflect reasonable concept co-occurrences in everyday situations. All concepts given as input are separated by ""#"". Your job is to generate a sentence describing a day-to-day scene using all concepts from a given concept set.
mother#sleep#watch",mother#sleep#watch,A mother watches her baby sleeping.,"The mother, trying to catch up on some much-needed sleep, gently placed the watch on the nightstand, ensuring it was set to wake her in time for her next task.","The mother, trying to catch up on some much-needed sleep, gently placed the watch on the nightstand, ensuring it was set to wake her in time for her next task.",no,yes,Yes,Yes,Yes,1
"In this task, you are given concept set (with 3 to 5 concepts) that contain mentions of names of people, places, activities, or things. These concept sets reflect reasonable concept co-occurrences in everyday situations. All concepts given as input are separated by ""#"". Your job is to generate a sentence describing a day-to-day scene using all concepts from a given concept set.
place#prayer#worship",place#prayer#worship,place of prayer by islamic place of worship,"In the quiet place of worship, people gathered to offer their prayers, seeking peace and guidance in their daily lives.","In the quiet place of worship, people gathered to offer their prayers, seeking peace and guidance in their daily lives.",no,no,No,No,No,
"In this task, you are given concept set (with 3 to 5 concepts) that contain mentions of names of people, places, activities, or things. These concept sets reflect reasonable concept co-occurrences in everyday situations. All concepts given as input are separated by ""#"". Your job is to generate a sentence describing a day-to-day scene using all concepts from a given concept set.
plane#tarmac#walk",plane#tarmac#walk,people walking across the tarmac to their plane,"As the passengers disembarked, they walked across the tarmac to the terminal, the cool morning air brushing against their faces as the plane's engines wound down behind them.","As the passengers disembarked, they walked across the tarmac to the terminal, the cool morning air brushing against their faces as the plane's engines wound down behind them.",no,no,No,No,No,
"In this task, you are given triplets. Each triplet is in the form of [subject, predicate, object]. Your task is to generate proper sentence that utilizes these triples. The objective is to construct a sentence that (a) captures the facts specified in the triples and (b) is a well-formed sentence easily understandable by a human. All triple values need not be used directly in the sentence as long as the facts are adequately captured.
[['[TABLECONTEXT]', '[TITLE]', '1997 Major League Soccer season, Goalkeeping Leaders'], ['Brad Friedel', 'CLUB', 'Columbus Crew'], ['Brad Friedel', 'GAMES_PLAYED', '29'], ['[TABLECONTEXT]', 'PLAYER', 'Brad Friedel']]","[['[TABLECONTEXT]', '[TITLE]', '1997 Major League Soccer season, Goalkeeping Leaders'], ['Brad Friedel', 'CLUB', 'Columbus Crew'], ['Brad Friedel', 'GAMES_PLAYED', '29'], ['[TABLECONTEXT]', 'PLAYER', 'Brad Friedel']]",Columbus Crew's goalkeeper Brad Friedel played 29 games in the 1997 Major League Soccer season,"During the 1997 Major League Soccer season, Brad Friedel was a standout goalkeeper for the Columbus Crew, playing in 29 games.","During the 1997 Major League Soccer season, Brad Friedel was a standout goalkeeper for the Columbus Crew, playing in 29 games.",no,no,No,No,No,
"In this task, you are given triplets. Each triplet is in the form of [subject, predicate, object]. Your task is to generate proper sentence that utilizes these triples. The objective is to construct a sentence that (a) captures the facts specified in the triples and (b) is a well-formed sentence easily understandable by a human. All triple values need not be used directly in the sentence as long as the facts are adequately captured.
[['[TABLECONTEXT]', '[TITLE]', 'Cherry Jones'], ['Tony Awards', 'YEAR', '2000'], ['A Moon for the Misbegotten', 'RESULT', 'Nominated'], ['Best Actress in a Play', 'NOMINATED_WORK', 'A Moon for the Misbegotten'], ['[TABLECONTEXT]', 'ASSOCIATION', 'Tony Awards'], ['Tony Awards', 'CATEGORY', 'Best Actress in a Play']]","[['[TABLECONTEXT]', '[TITLE]', 'Cherry Jones'], ['Tony Awards', 'YEAR', '2000'], ['A Moon for the Misbegotten', 'RESULT', 'Nominated'], ['Best Actress in a Play', 'NOMINATED_WORK', 'A Moon for the Misbegotten'], ['[TABLECONTEXT]', 'ASSOCIATION', 'Tony Awards'], ['Tony Awards', 'CATEGORY', 'Best Actress in a Play']]",Nominee Cherry Jones will attend the 2000 Tony Awards.,Cherry Jones was nominated for Best Actress in a Play at the Tony Awards in 2000 for her role in "A Moon for the Misbegotten.",Cherry Jones was nominated for Best Actress in a Play at the Tony Awards in 2000 for her role in "A Moon for the Misbegotten.",no,no,No,No,No,
"In this task, you are given triplets. Each triplet is in the form of [subject, predicate, object]. Your task is to generate proper sentence that utilizes these triples. The objective is to construct a sentence that (a) captures the facts specified in the triples and (b) is a well-formed sentence easily understandable by a human. All triple values need not be used directly in the sentence as long as the facts are adequately captured.
[['[TABLECONTEXT]', 'TITLE', 'Intro'], ['[TABLECONTEXT]', '[TITLE]', ""Nas &amp; Ill Will Records Presents QB's Finest""], ['Intro', 'PERFORMER(S)', 'Bravehearts'], ['Intro', 'NUMBER', '1']]","[['[TABLECONTEXT]', 'TITLE', 'Intro'], ['[TABLECONTEXT]', '[TITLE]', ""Nas &amp; Ill Will Records Presents QB's Finest""], ['Intro', 'PERFORMER(S)', 'Bravehearts'], ['Intro', 'NUMBER', '1']]","Intro, performed by Bravehearts, is the first track on Nas & Ill Will Records Presents QB's Finest.",The first track on the album "Nas & Ill Will Records Presents QB's Finest" is performed by Bravehearts.,The first track on the album "Nas & Ill Will Records Presents QB's Finest" is performed by Bravehearts.,no,no,No,No,No,
"In this task, you are given triplets. Each triplet is in the form of [subject, predicate, object]. Your task is to generate proper sentence that utilizes these triples. The objective is to construct a sentence that (a) captures the facts specified in the triples and (b) is a well-formed sentence easily understandable by a human. All triple values need not be used directly in the sentence as long as the facts are adequately captured.
[['Akita Museum of Art', 'LOCATION', 'Akita Prefecture'], ['Akita, Akita', 'COUNTRY', 'Japan'], ['Japan', 'ETHNIC_GROUP', 'Vietnamese people in Japan'], ['Akita Museum of Art', 'LOCATION', 'Akita, Akita']]","[['Akita Museum of Art', 'LOCATION', 'Akita Prefecture'], ['Akita, Akita', 'COUNTRY', 'Japan'], ['Japan', 'ETHNIC_GROUP', 'Vietnamese people in Japan'], ['Akita Museum of Art', 'LOCATION', 'Akita, Akita']]","Akita Museum of Art is located in Akita Prefecture in Akita, Akita, Japan. Vietnamese people are an ethnic group in Japan.","The Akita Museum of Art is located in Akita, a city within Akita Prefecture, Japan, a country where one of the ethnic groups includes Vietnamese people.","The Akita Museum of Art is located in Akita, a city within Akita Prefecture, Japan, a country where one of the ethnic groups includes Vietnamese people.",no,no,No,No,No,
"In this task, you are given triplets. Each triplet is in the form of [subject, predicate, object]. Your task is to generate proper sentence that utilizes these triples. The objective is to construct a sentence that (a) captures the facts specified in the triples and (b) is a well-formed sentence easily understandable by a human. All triple values need not be used directly in the sentence as long as the facts are adequately captured.
[['day 7: 2:00 a.m.- 3:00 a.m.', 'U.S._VIEWERS_(MILLIONS)', '10.34']]","[['day 7: 2:00 a.m.- 3:00 a.m.', 'U.S._VIEWERS_(MILLIONS)', '10.34']]",The title of an episode wtih 10.34 million U.S viewers is "Day 7: 2:00 a.m. – 3:00 a.m".,"On Day 7, from 2:00 a.m. to 3:00 a.m., the U.S. viewership for the event was 10.34 million.","On Day 7, from 2:00 a.m. to 3:00 a.m., the U.S. viewership for the event was 10.34 million.",no,no,No,No,No,
"In this task, you are given triplets. Each triplet is in the form of [subject, predicate, object]. Your task is to generate proper sentence that utilizes these triples. The objective is to construct a sentence that (a) captures the facts specified in the triples and (b) is a well-formed sentence easily understandable by a human. All triple values need not be used directly in the sentence as long as the facts are adequately captured.
[['had a dad', 'RELEASE_DATE', 'apr.28,2009']]","[['had a dad', 'RELEASE_DATE', 'apr.28,2009']]","The release date for the song ""had a dad"" is apr.28,2009.","The film ""Had a Dad"" was released on April 28, 2009.","The film ""Had a Dad"" was released on April 28, 2009.",no,yes,Yes,No,Yes,
"In this task, you are given triplets. Each triplet is in the form of [subject, predicate, object]. Your task is to generate proper sentence that utilizes these triples. The objective is to construct a sentence that (a) captures the facts specified in the triples and (b) is a well-formed sentence easily understandable by a human. All triple values need not be used directly in the sentence as long as the facts are adequately captured.
[['Mark Eaton', 'NUMBER', '53']]","[['Mark Eaton', 'NUMBER', '53']]",Mark Eaton wears number 53.,Mark Eaton's jersey number was 53.,Mark Eaton's jersey number was 53.,no,no,No,No,No,
"The task is to write a full sentence or two using all of the information given. The sentence(s) will be a brief review of a restaurant. Use all of the information provided.
name[xname], cuisine[French], rating[low], location[riverside]","name[xname], cuisine[French], rating[low], location[riverside]",A French restaurant located at the riverside is called xname. The customer rating is low.,"Despite its picturesque riverside location, xname's French cuisine fails to impress, with a low rating reflecting its subpar dining experience.","Despite its picturesque riverside location, xname's French cuisine fails to impress, with a low rating reflecting its subpar dining experience.",no,no,No,No,No,
"The task is to write a full sentence or two using all of the information given. The sentence(s) will be a brief review of a restaurant. Use all of the information provided.
name[xname], eattype[coffee shop], cuisine[English], price[less than £20], rating[low], location[city centre]","name[xname], eattype[coffee shop], cuisine[English], price[less than £20], rating[low], location[city centre]",xname is an English coffee shop in the city centre.  It has a low customer rating.  The price range is below £20.,"xname, a coffee shop in the city centre offering English cuisine for less than £20, unfortunately receives low ratings from its customers.","xname, a coffee shop in the city centre offering English cuisine for less than £20, unfortunately receives low ratings from its customers.",no,no,No,No,No,
"The task is to write a full sentence or two using all of the information given. The sentence(s) will be a brief review of a restaurant. Use all of the information provided.
name[xname], eattype[coffee shop], cuisine[French], price[cheap], rating[5 out of 5], familyFriendly[yes], near[xnear]","name[xname], eattype[coffee shop], cuisine[French], price[cheap], rating[5 out of 5], familyFriendly[yes], near[xnear]","xname, a cheap, family friendly coffee shop, serves French food.  It is located near xnear and has a high customer rating.","xname, a charming and affordable French coffee shop near xnear, offers a delightful family-friendly atmosphere and has earned a perfect 5 out of 5 rating for its exceptional service and delicious cuisine.","xname, a charming and affordable French coffee shop near xnear, offers a delightful family-friendly atmosphere and has earned a perfect 5 out of 5 rating for its exceptional service and delicious cuisine.",no,no,No,No,No,
"The task is to write a full sentence or two using all of the information given. The sentence(s) will be a brief review of a restaurant. Use all of the information provided.
name[xname], eattype[pub], cuisine[Chinese], price[cheap], familyFriendly[yes], near[xnear]","name[xname], eattype[pub], cuisine[Chinese], price[cheap], familyFriendly[yes], near[xnear]","xname serves cheap Chinese food, is family friendly, and is located near the xnear pub.","""xname is a family-friendly pub offering cheap Chinese cuisine, conveniently located near xnear, making it a great spot for a casual dining experience with loved ones.""","""xname is a family-friendly pub offering cheap Chinese cuisine, conveniently located near xnear, making it a great spot for a casual dining experience with loved ones.""",no,no,No,No,No,
"The task is to write a full sentence or two using all of the information given. The sentence(s) will be a brief review of a restaurant. Use all of the information provided.
name[xname], eattype[pub], cuisine[Fast Food], price[less than £20], location[city centre]","name[xname], eattype[pub], cuisine[Fast Food], price[less than £20], location[city centre]",xname is a cheap fast food pub in the city centre.,"""xname, a pub in the city centre, offers fast food at a budget-friendly price of less than £20, making it a great spot for a quick and affordable meal.""","""xname, a pub in the city centre, offers fast food at a budget-friendly price of less than £20, making it a great spot for a quick and affordable meal.""",no,no,No,No,No,
"The task is to write a full sentence or two using all of the information given. The sentence(s) will be a brief review of a restaurant. Use all of the information provided.
name[xname], eattype[pub], cuisine[French], rating[low], familyFriendly[yes]","name[xname], eattype[pub], cuisine[French], rating[low], familyFriendly[yes]",xname is a family friendly  pub that provides a variety of wines and cheese.,"xname, a family-friendly French pub, unfortunately falls short with its low rating, making it a less than ideal choice for those seeking a quality dining experience.","xname, a family-friendly French pub, unfortunately falls short with its low rating, making it a less than ideal choice for those seeking a quality dining experience.",no,no,No,No,No,
"The task is to write a full sentence or two using all of the information given. The sentence(s) will be a brief review of a restaurant. Use all of the information provided.
name[xname], eattype[restaurant], cuisine[Italian], rating[5 out of 5]","name[xname], eattype[restaurant], cuisine[Italian], rating[5 out of 5]",xname is a Italian restaurant that is perfectly rated.,"xname, an Italian restaurant, offers a dining experience that is nothing short of exceptional, earning it a perfect 5 out of 5 rating for its exquisite cuisine and impeccable service.","xname, an Italian restaurant, offers a dining experience that is nothing short of exceptional, earning it a perfect 5 out of 5 rating for its exquisite cuisine and impeccable service.",no,no,No,No,No,
"The task is to write a full sentence or two using all of the information given. The sentence(s) will be a brief review of a restaurant. Use all of the information provided.
name[xname], price[high], rating[3 out of 5]","name[xname], price[high], rating[3 out of 5]",xname is rated 3 out of 5 by customers.,"xname offers a dining experience that, despite its high prices, only manages to achieve a mediocre 3 out of 5 rating, suggesting that the value for money and overall satisfaction could be better.","xname offers a dining experience that, despite its high prices, only manages to achieve a mediocre 3 out of 5 rating, suggesting that the value for money and overall satisfaction could be better.",no,no,No,No,No,
"The task is to write a full sentence or two using all of the information given. The sentence(s) will be a brief review of a restaurant. Use all of the information provided.
name[xname], recommend[yes], cuisine[Mexican], decor[bad], qual[bad], location[the Upper West Side], service[bad]","name[xname], recommend[yes], cuisine[Mexican], decor[bad], qual[bad], location[the Upper West Side], service[bad]","I would suggest xname since xname is in the Upper West Side with bad staff, bland food and mediocre decor. it's a Mexican restaurant.","Despite the poor decor, bad quality food, and subpar service, I still recommend xname for its Mexican cuisine if you're in the Upper West Side and are curious for an experience. However, be prepared for a less than stellar dining environment.","Despite the poor decor, bad quality food, and subpar service, I still recommend xname for its Mexican cuisine if you're in the Upper West Side and are curious for an experience. However, be prepared for a less than stellar dining environment.",no,no,No,No,No,
"The task is to write a full sentence or two using all of the information given. The sentence(s) will be a brief review of a restaurant. Use all of the information provided.
name[xname], recommend[yes], cuisine[New American], decor[acceptable], qual[acceptable], location[Manhattan], service[bad]","name[xname], recommend[yes], cuisine[New American], decor[acceptable], qual[acceptable], location[Manhattan], service[bad]","Since xname is in Manhattan with decent decor. It is a New American restaurant with acceptable food with bad staff, it is the best place.","Despite the acceptable decor and cuisine at xname in Manhattan, the bad service and just acceptable food quality make it a place I would not recommend highly, even though there are some redeeming qualities.","Despite the acceptable decor and cuisine at xname in Manhattan, the bad service and just acceptable food quality make it a place I would not recommend highly, even though there are some redeeming qualities.",no,no,Yes,Yes,Yes,
"The task is to write a full sentence or two using all of the information given. The sentence(s) will be a brief review of a restaurant. Use all of the information provided.
name[xname], recommend[yes], cuisine[New American], qual[good], location[Manhattan], price[very expensive], service[good]","name[xname], recommend[yes], cuisine[New American], qual[good], location[Manhattan], price[very expensive], service[good]","Because xname is a New American place and very pricey. It is in Manhattan with good staff and flavorful food, I would suggest xname.","xname offers a good New American dining experience with very expensive prices, but the quality and service in Manhattan make it worth the recommendation.","xname offers a good New American dining experience with very expensive prices, but the quality and service in Manhattan make it worth the recommendation.",no,no,No,No,No,
"The task is to write a full sentence or two using all of the information given. The sentence(s) will be a brief review of a restaurant. Use all of the information provided.
name[xname], recommend[yes], decor[bad], location[TriBeCa/SoHo], service[acceptable]","name[xname], recommend[yes], decor[bad], location[TriBeCa/SoHo], service[acceptable]",I would consider xname because it has welcoming service and mediocre decor. it's in TriBeCa/SoHo.,"Despite the underwhelming decor, xname in TriBeCa/SoHo offers a dining experience with acceptable service, and I would still recommend it for its other qualities.","Despite the underwhelming decor, xname in TriBeCa/SoHo offers a dining experience with acceptable service, and I would still recommend it for its other qualities.",no,no,No,No,No,
"The task is to write a full sentence or two using all of the information given. The sentence(s) will be a brief review of a restaurant. Use all of the information provided.
name[xname], recommend[yes], decor[bad], qual[acceptable], location[Murray Hill], service[bad]","name[xname], recommend[yes], decor[bad], qual[acceptable], location[Murray Hill], service[bad]",I would suggest xname since it provides rude staff and bad decor. it's in Murray Hill with decent food.,"Despite the bad decor and poor service, I would still recommend xname in Murray Hill for its acceptable food quality.","Despite the bad decor and poor service, I would still recommend xname in Murray Hill for its acceptable food quality.",no,no,No,No,No,
"You will be given one or more triples. The second part of each triple shows the relation between the first and the third element. Your task is to write a simple and short piece of text (sentence(s)) that describes the triples in natural language.
20_Fenchurch_Street | location | London
London | leaderTitle | European_Parliament
London | leaderName | Boris_Johnson","20_Fenchurch_Street | location | London
London | leaderTitle | European_Parliament
London | leaderName | Boris_Johnson","20 Fenchurch Street is located in London, which is lead by Boris Johnson. London is lead by the European Parliament.","20 Fenchurch Street is located in London, a city led by the European Parliament and formerly headed by Boris Johnson as its mayor.","20 Fenchurch Street is located in London, where Boris Johnson has served as a leader, though the city's relationship with the European Parliament is not accurately described by the provided triples.",yes,no,Yes,No,Yes,
"You will be given one or more triples. The second part of each triple shows the relation between the first and the third element. Your task is to write a simple and short piece of text (sentence(s)) that describes the triples in natural language.
A_Glastonbury_Romance | mediaType | Hardcover
A_Glastonbury_Romance | numberOfPages | ""1174""
A_Glastonbury_Romance | OCLC_number | 76798317","A_Glastonbury_Romance | mediaType | Hardcover
A_Glastonbury_Romance | numberOfPages | ""1174""
A_Glastonbury_Romance | OCLC_number | 76798317",A Glastonbury Romance has 1174 pages can be found in hardcover and has the OCLC number 76798317.,"""A Glastonbury Romance"" is available as a hardcover book with 1,174 pages, and its OCLC number is 76798317.","""A Glastonbury Romance"" is available as a hardcover book with 1,174 pages, and its OCLC number is 76798317.",no,no,No,No,No,
"You will be given one or more triples. The second part of each triple shows the relation between the first and the third element. Your task is to write a simple and short piece of text (sentence(s)) that describes the triples in natural language.
Aarhus_Airport | cityServed | ""Aarhus, Denmark""
Aarhus_Airport | operatingOrganisation | ""Aarhus Lufthavn A/S""
Aarhus_Airport | elevationAboveTheSeaLevel_(in_metres) | 25.0
Aarhus_Airport | runwayName | ""10R/28L""
Aarhus_Airport | runwayLength | 2702.0","Aarhus_Airport | cityServed | ""Aarhus, Denmark""
Aarhus_Airport | operatingOrganisation | ""Aarhus Lufthavn A/S""
Aarhus_Airport | elevationAboveTheSeaLevel_(in_metres) | 25.0
Aarhus_Airport | runwayName | ""10R/28L""
Aarhus_Airport | runwayLength | 2702.0","Aarhus Lufthavn A/S is the operating organisation of Aarhus Airport located at 25 metres above sea level in Aarhus, Denmark. The airport runway, named 10R/28L has a length of 2702.0.","Aarhus Airport serves the city of Aarhus, Denmark, and is operated by Aarhus Lufthavn A/S. The airport sits at an elevation of 25 meters above sea level and features a runway named 10R/28L, which is 2,702 meters long.","Aarhus Airport serves the city of Aarhus, Denmark, and is operated by Aarhus Lufthavn A/S. The airport sits at an elevation of 25 meters above sea level and features a runway named 10R/28L, which is 2,702 meters long.",no,no,No,Yes,No,
"You will be given one or more triples. The second part of each triple shows the relation between the first and the third element. Your task is to write a simple and short piece of text (sentence(s)) that describes the triples in natural language.
Acharya_Institute_of_Technology | city | Bangalore
Acharya_Institute_of_Technology | country | ""India""
Acharya_Institute_of_Technology | numberOfPostgraduateStudents | 700
Acharya_Institute_of_Technology | campus | ""In Soldevanahalli, Acharya Dr. Sarvapalli Radhakrishnan Road, Hessarghatta Main Road, Bangalore – 560090.""
Acharya_Institute_of_Technology | affiliation | Visvesvaraya_Technological_University","Acharya_Institute_of_Technology | city | Bangalore
Acharya_Institute_of_Technology | country | ""India""
Acharya_Institute_of_Technology | numberOfPostgraduateStudents | 700
Acharya_Institute_of_Technology | campus | ""In Soldevanahalli, Acharya Dr. Sarvapalli Radhakrishnan Road, Hessarghatta Main Road, Bangalore – 560090.""
Acharya_Institute_of_Technology | affiliation | Visvesvaraya_Technological_University","The Acharya Institute of Technology's campus is in Soldevanahalli, Acharya Dr. Sarvapalli Radhakrishnan Road, Hessarghatta Main Road, Bangalore - 560090, India. It has 700 postgraduate students and it is affiliated with the Visvesvaraya Technological University.","The Acharya Institute of Technology is located in the city of Bangalore, India. It has a campus situated in Soldevanahalli on Acharya Dr. Sarvapalli Radhakrishnan Road, Hessarghatta Main Road, with a postal address of Bangalore – 560090. The institute is affiliated with Visvesvaraya Technological University and has 700 postgraduate students.","The Acharya Institute of Technology is located in the city of Bangalore, India. It has a campus situated in Soldevanahalli on Acharya Dr. Sarvapalli Radhakrishnan Road, Hessarghatta Main Road, with a postal address of Bangalore – 560090. The institute is affiliated with Visvesvaraya Technological University and has 700 postgraduate students.",no,no,No,No,No,
"You will be given one or more triples. The second part of each triple shows the relation between the first and the third element. Your task is to write a simple and short piece of text (sentence(s)) that describes the triples in natural language.
Alcatraz_Versus_the_Evil_Librarians | mediaType | ""Print""
Alcatraz_Versus_the_Evil_Librarians | OCLC_number | 78771100
Alcatraz_Versus_the_Evil_Librarians | ISBN_number | ""0-439-92550-9""","Alcatraz_Versus_the_Evil_Librarians | mediaType | ""Print""
Alcatraz_Versus_the_Evil_Librarians | OCLC_number | 78771100
Alcatraz_Versus_the_Evil_Librarians | ISBN_number | ""0-439-92550-9""",The book Alcatraz Versus the Evil Librarians is in print and has the ISBN number 0-439-92550-9 as well as the OCLC number of 7877110.,"""Alcatraz Versus the Evil Librarians"" is available in print format, has an OCLC number of 78771100, and its ISBN is 0-439-92550-9.","""Alcatraz Versus the Evil Librarians"" is available in print format, has an OCLC number of 78771100, and its ISBN is 0-439-92550-9.",no,no,No,No,No,
"You will be given one or more triples. The second part of each triple shows the relation between the first and the third element. Your task is to write a simple and short piece of text (sentence(s)) that describes the triples in natural language.
Alderney_Airport | runwayName | ""03/21""",Alderney_Airport | runwayName | "03/21",Alderney Airport runway name is 03/21.,Alderney Airport has a runway named "03/21".,Alderney Airport has a runway named "03/21".,no,no,No,No,No,
"You will be given one or more triples. The second part of each triple shows the relation between the first and the third element. Your task is to write a simple and short piece of text (sentence(s)) that describes the triples in natural language.
Alpena_County_Regional_Airport | location | Wilson_Township,_Alpena_County,_Michigan
Alpena_County_Regional_Airport | runwayLength | 1533.0
Alpena_County_Regional_Airport | cityServed | Alpena,_Michigan
Alpena_County_Regional_Airport | elevationAboveTheSeaLevel_(in_metres) | 210
Alpena_County_Regional_Airport | runwayName | ""7/25""","Alpena_County_Regional_Airport | location | Wilson_Township,_Alpena_County,_Michigan
Alpena_County_Regional_Airport | runwayLength | 1533.0
Alpena_County_Regional_Airport | cityServed | Alpena,_Michigan
Alpena_County_Regional_Airport | elevationAboveTheSeaLevel_(in_metres) | 210
Alpena_County_Regional_Airport | runwayName | ""7/25""","The location of Alpena County Regional Airport is Wilson Township, Alpena County, Michigan. The runway has the following details, length 1533m, 210m a.s.l. and is named 7/25.","Alpena County Regional Airport is located in Wilson Township, Alpena County, Michigan, and serves the city of Alpena, Michigan. The airport has a runway named ""7/25"" with a length of 1,533 meters and is situated at an elevation of 210 meters above sea level.","Alpena County Regional Airport is located in Wilson Township, Alpena County, Michigan, and serves the city of Alpena, Michigan. The airport has a runway named ""7/25"" with a length of 1,533 meters and is situated at an elevation of 210 meters above sea level.",no,no,No,No,No,
"You will be given one or more triples. The second part of each triple shows the relation between the first and the third element. Your task is to write a simple and short piece of text (sentence(s)) that describes the triples in natural language.
Appleton_International_Airport | location | Greenville,_Wisconsin
Greenville,_Wisconsin | isPartOf | Grand_Chute,_Wisconsin
Greenville,_Wisconsin | country | United_States","Appleton_International_Airport | location | Greenville,_Wisconsin
Greenville,_Wisconsin | isPartOf | Grand_Chute,_Wisconsin
Greenville,_Wisconsin | country | United_States","Appleton International airport is located in Greenville, Wisconsin which is part of Grand Chute, Wisconsin, in the United States.","Appleton International Airport is located in Greenville, Wisconsin, which is part of Grand Chute, Wisconsin, and is situated in the United States.","Appleton International Airport is located in Greenville, Wisconsin, which is part of Grand Chute, Wisconsin, and is situated in the United States.",no,no,No,No,No,
"You will be given one or more triples. The second part of each triple shows the relation between the first and the third element. Your task is to write a simple and short piece of text (sentence(s)) that describes the triples in natural language.
Bakso | region | Indonesia
Bakso | ingredient | Noodle
Bakso | mainIngredients | ""Ground beef, tapioca, noodle, rice vermicelli, beef broth, kailan, celery, salted vegetables, fried shallots""
Bakso | country | Chinese_cuisine","Bakso | region | Indonesia
Bakso | ingredient | Noodle
Bakso | mainIngredients | ""Ground beef, tapioca, noodle, rice vermicelli, beef broth, kailan, celery, salted vegetables, fried shallots""
Bakso | country | Chinese_cuisine","Bakso is dish from the Chinese cuisine which is found in Indonesia. The main ingredients of bakso are ground beef, tapioca, noodle, rice vermicelli, beef broth, kailan, celery, salted vegetables and fried shallots.","Bakso, a dish primarily associated with Indonesian cuisine, consists of ground beef mixed with tapioca, served with noodles and rice vermicelli in a savory beef broth, garnished with kailan, celery, salted vegetables, and fried shallots. Despite its strong ties to Indonesia, Bakso also has influences from Chinese cuisine.","Bakso, a dish primarily associated with Indonesian cuisine, consists of ground beef mixed with tapioca, served with noodles and rice vermicelli in a savory beef broth, garnished with kailan, celery, salted vegetables, and fried shallots. Despite its strong ties to Indonesia, Bakso also has influences from Chinese cuisine.",no,yes,Yes,No,No,
"You will be given one or more triples. The second part of each triple shows the relation between the first and the third element. Your task is to write a simple and short piece of text (sentence(s)) that describes the triples in natural language.
Greece | leaderName | Prokopis_Pavlopoulos",Greece | leaderName | Prokopis_Pavlopoulos,Greece's leader name is Prokopis Pavlopoulos.,Prokopis Pavlopoulos was the leader of Greece.,Prokopis Pavlopoulos was the leader of Greece.,no,no,No,No,No,
"You will be given one or more triples. The second part of each triple shows the relation between the first and the third element. Your task is to write a simple and short piece of text (sentence(s)) that describes the triples in natural language.
Java | ethnicGroup | Javanese_people
Ayam_penyet | ingredient | Fried_chicken
Ayam_penyet | region | ""Nationwide, also can be found in Malaysia and Singapore""
Ayam_penyet | country | Java","Java | ethnicGroup | Javanese_people
Ayam_penyet | ingredient | Fried_chicken
Ayam_penyet | region | ""Nationwide, also can be found in Malaysia and Singapore""
Ayam_penyet | country | Java","The Javenese people are an ethnic group in Java, where Ayam penyet is from. it uses fried chicken as an igredient and as well being found nationwide in Java, it can also be found in Malaysia and Singapore.","The Javanese people are an ethnic group associated with Java. Ayam penyet, a dish that includes fried chicken as an ingredient, is popular throughout Java and can also be found in Malaysia and Singapore.","The Javanese people are an ethnic group associated with Java. Ayam penyet, a dish that includes fried chicken as an ingredient, is popular throughout Java and can also be found in Malaysia and Singapore.",no,no,No,No,No,
